<?xml version="1.0" encoding="utf-8"?>
<unattend xmlns="urn:schemas-microsoft-com:unattend">
   <settings pass="generalize">
        <component name="Microsoft-Windows-Security-SPP" processorArchitecture="amd64" publicKeyToken="31bf3856ad364e35" language="neutral" versionScope="nonSxS" xmlns:wcm="http://schemas.microsoft.com/WMIConfig/2002/State" xmlns:xsi="http://www.w3.org/2001/XMLSchema-instance">
		<SkipRearm>1</SkipRearm>
	</component>	
    </settings>
    <settings pass="specialize">
	<component name="Microsoft-Windows-Deployment" processorArchitecture="amd64" publicKeyToken="31bf3856ad364e35" language="neutral" versionScope="nonSxS" xmlns:wcm="http://schemas.microsoft.com/WMIConfig/2002/State" xmlns:xsi="http://www.w3.org/2001/XMLSchema-instance">
	<RunSynchronous>
	   <RunSynchronousCommand wcm:action="add">
		      <Description>KVM Early Setup</Description>
	      	      <Order>1</Order>
		      <Path>C:\windows\setup\scripts\kvm-early-setup.cmd</Path>
		      <WillReboot>OnRequest</WillReboot>
	   </RunSynchronousCommand>
	</RunSynchronous>
	</component>
	<component name="Microsoft-Windows-Shell-Setup" processorArchitecture="amd64" publicKeyToken="31bf3856ad364e35" language="neutral" versionScope="nonSxS" xmlns:wcm="http://schemas.microsoft.com/WMIConfig/2002/State" xmlns:xsi="http://www.w3.org/2001/XMLSchema-instance">
		<CopyProfile>false</CopyProfile>
		<ComputerName>TEMPLATE-SETUP</ComputerName>
	</component>
    </settings>
</unattend>